timeStamp,elapsed,label,responseCode,responseMessage,threadName,dataType,success,failureMessage,bytes,sentBytes,grpThreads,allThreads,URL,Latency,IdleTime,Connect
1614618880444,575,Kittens,200,OK,Google Various 1-1,text,true,,111294,4463,2,4,http://www.google.com/search?q=Kittens&tbm=isch,20,0,12
1614618880444,20,Kittens-0,301,Moved Permanently,Google Various 1-1,text,true,,593,139,2,4,http://google.com/search?q=Kittens&tbm=isch,20,0,12
1614618880464,371,Kittens-1,200,OK,Google Various 1-1,text,true,,28631,143,2,4,http://www.google.com/search?q=Kittens&tbm=isch,96,0,17
1614618880835,15,Kittens-2,200,OK,Google Various 1-1,bin,true,,2310,191,2,4,http://www.google.com/images/branding/searchlogo/1x/googlelogo_desk_heirloom_color_150x55dp.gif,15,0,0
1614618880850,20,Kittens-3,200,OK,Google Various 1-1,bin,true,,3539,199,2,4,http://t0.gstatic.com/images?q=tbn:ANd9GcRiJrXqWMvP4-IUsfqesDA9OpmSAeLYLsfawlMc-_F0AENdxwhpeKLYHW-nIw&s,20,0,10
1614618880870,8,Kittens-4,200,OK,Google Various 1-1,bin,true,,3809,200,2,4,http://t0.gstatic.com/images?q=tbn:ANd9GcS5ioR5ImZd23D-CPe2gqWaWW7qS7iDzlKNgMr2A78ZuqdzEz0FFH2Y0TUXdfI&s,8,0,0
1614618880878,8,Kittens-5,200,OK,Google Various 1-1,bin,true,,4410,199,2,4,http://t0.gstatic.com/images?q=tbn:ANd9GcRhNZgW4u_Uz9U8dQxd1l6VUXor6u8higMr7iwRkDqnqv6HJwZ_49rneOba4g&s,8,0,0
1614618880886,8,Kittens-6,200,OK,Google Various 1-1,bin,true,,4351,200,2,4,http://t0.gstatic.com/images?q=tbn:ANd9GcRtOIREyOoVJTh4Jl6QSIS4SyHbCs2b3GdcaFRdKJAbXIYqHwhUiJfXoeW1tAo&s,8,0,0
1614618880894,7,Kittens-7,200,OK,Google Various 1-1,bin,true,,4269,199,2,4,http://t0.gstatic.com/images?q=tbn:ANd9GcT7VfEhXE_Mc2m-noLV9aoUutirL8oZu_HG-hDhOFxduzvFzxCNT2zGbLub_w&s,7,0,0
1614618880901,8,Kittens-8,200,OK,Google Various 1-1,bin,true,,4157,200,2,4,http://t0.gstatic.com/images?q=tbn:ANd9GcRlxS9HFMzpeFNwqnZSlAcuirSn4FOTaABw5-3DAiGTTxMaQ7wmMntvTut2KBs&s,8,0,0
1614618880909,8,Kittens-9,200,OK,Google Various 1-1,bin,true,,4429,200,2,4,http://t0.gstatic.com/images?q=tbn:ANd9GcQjBjajkHZTPj18kpnnSpft1YLQm8_NcSgurLJYJSz_Oroq2oc5kH3svtIhGNU&s,8,0,0
1614618880917,8,Kittens-10,200,OK,Google Various 1-1,bin,true,,4346,200,2,4,http://t0.gstatic.com/images?q=tbn:ANd9GcR0JM2VpbeRimMBgCyR8pHZUsmitQWAVaT9ZPnR9FbIcLcdjJ7R0S00B4Ye20g&s,8,0,0
1614618880925,8,Kittens-11,200,OK,Google Various 1-1,bin,true,,3170,200,2,4,http://t0.gstatic.com/images?q=tbn:ANd9GcQ232-aNWJgiYZX6-DjuVjs6kidOzSVonmXAA_pyx4o8H_WJcrlvZQ6HPHw9RM&s,8,0,0
1614618880933,8,Kittens-12,200,OK,Google Various 1-1,bin,true,,2737,200,2,4,http://t0.gstatic.com/images?q=tbn:ANd9GcQiZjOtpewwYB8js3zoF-1RyoPB0aUjhPjM4yMq-mxC7HkkmybKYYtnQyWDKG4&s,8,0,0
1614618880941,8,Kittens-13,200,OK,Google Various 1-1,bin,true,,2980,200,2,4,http://t0.gstatic.com/images?q=tbn:ANd9GcQiZqQVR9OuU1WhxU4h5UZ2UF9-g1aIwfW8iKb8EhJSD9zIj8tCNnowUpmVvfc&s,8,0,0
1614618880949,8,Kittens-14,200,OK,Google Various 1-1,bin,true,,3590,200,2,4,http://t0.gstatic.com/images?q=tbn:ANd9GcROKm5bfX-0VLIGvo_sUB2dUAMIag6LzkDUEV2WHevDgFDGszC1R0gqFIbS4H0&s,8,0,0
1614618880957,8,Kittens-15,200,OK,Google Various 1-1,bin,true,,5724,199,2,4,http://t0.gstatic.com/images?q=tbn:ANd9GcT4p8A-dZLyIu9V0SEAbi8PqnlK5xTf34I64XY9DTacqBmHJf0bRmGpAK_udA&s,8,0,0
1614618880965,8,Kittens-16,200,OK,Google Various 1-1,bin,true,,4097,199,2,4,http://t0.gstatic.com/images?q=tbn:ANd9GcRB-ISNQC48vt0f4iTVJ0MAmE9f2TZIcTnPe6SHqOHvjiM5xrUAVkpT5q1ZqQ&s,8,0,0
1614618880973,7,Kittens-17,200,OK,Google Various 1-1,bin,true,,4091,199,2,4,http://t0.gstatic.com/images?q=tbn:ANd9GcQg9sOHmUp2kbesAE9YNi3Ps1reCvxZDcisqAunYfGwlEIJHfJughwdSiIY0g&s,7,0,0
1614618880980,8,Kittens-18,200,OK,Google Various 1-1,bin,true,,3530,199,2,4,http://t0.gstatic.com/images?q=tbn:ANd9GcRdTsiSmkoyA7qZ1C7RsfN5suyWF9yhDxqE8kiYKZbR4EQu4mH3EDjpJF9kYg&s,8,0,0
1614618880988,8,Kittens-19,200,OK,Google Various 1-1,bin,true,,4160,199,2,4,http://t0.gstatic.com/images?q=tbn:ANd9GcSGhsO5eFetTirw_eFPgYzz-meGIpPI0a70bbt58AV7emExvcA2wqJYiAvuag&s,8,0,0
1614618880996,7,Kittens-20,200,OK,Google Various 1-1,bin,true,,4470,199,2,4,http://t0.gstatic.com/images?q=tbn:ANd9GcS7Xh8yIOy9zdPkwtuXfn9HwL-eL7BSXk9a4lr2wWJGVFBKUAXvb2U6J-88mA&s,7,0,0
1614618881003,8,Kittens-21,200,OK,Google Various 1-1,bin,true,,4215,199,2,4,http://t0.gstatic.com/images?q=tbn:ANd9GcQvyxA-ELvfLzcI0dBhPU8fviiDp4uGruFFYFnuzC22zkciZqp7vRTdcppJmA&s,8,0,0
1614618881011,8,Kittens-22,200,OK,Google Various 1-1,bin,true,,3686,200,2,4,http://t0.gstatic.com/images?q=tbn:ANd9GcQRZ2T-ev_jBdC4U1pFWX6jV_VUn91jntKj-D1yVeu6Ph0amGjljZOWN7BFw9Y&s,8,0,0
1614618880944,456,Kittens,200,OK,Google Various 1-2,text,true,,111295,4463,1,2,http://www.google.com/search?q=Kittens&tbm=isch,21,0,12
1614618880944,21,Kittens-0,301,Moved Permanently,Google Various 1-2,text,true,,593,139,1,2,http://google.com/search?q=Kittens&tbm=isch,21,0,12
1614618880965,255,Kittens-1,200,OK,Google Various 1-2,text,true,,28632,143,1,2,http://www.google.com/search?q=Kittens&tbm=isch,89,0,9
1614618881220,14,Kittens-2,200,OK,Google Various 1-2,bin,true,,2310,191,1,2,http://www.google.com/images/branding/searchlogo/1x/googlelogo_desk_heirloom_color_150x55dp.gif,14,0,0
1614618881234,17,Kittens-3,200,OK,Google Various 1-2,bin,true,,3539,199,1,2,http://t0.gstatic.com/images?q=tbn:ANd9GcRiJrXqWMvP4-IUsfqesDA9OpmSAeLYLsfawlMc-_F0AENdxwhpeKLYHW-nIw&s,17,0,9
1614618881251,8,Kittens-4,200,OK,Google Various 1-2,bin,true,,3809,200,1,2,http://t0.gstatic.com/images?q=tbn:ANd9GcS5ioR5ImZd23D-CPe2gqWaWW7qS7iDzlKNgMr2A78ZuqdzEz0FFH2Y0TUXdfI&s,8,0,0
1614618881259,7,Kittens-5,200,OK,Google Various 1-2,bin,true,,4410,199,1,2,http://t0.gstatic.com/images?q=tbn:ANd9GcRhNZgW4u_Uz9U8dQxd1l6VUXor6u8higMr7iwRkDqnqv6HJwZ_49rneOba4g&s,7,0,0
1614618881266,9,Kittens-6,200,OK,Google Various 1-2,bin,true,,4351,200,1,2,http://t0.gstatic.com/images?q=tbn:ANd9GcRtOIREyOoVJTh4Jl6QSIS4SyHbCs2b3GdcaFRdKJAbXIYqHwhUiJfXoeW1tAo&s,9,0,0
1614618881275,8,Kittens-7,200,OK,Google Various 1-2,bin,true,,4269,199,1,2,http://t0.gstatic.com/images?q=tbn:ANd9GcT7VfEhXE_Mc2m-noLV9aoUutirL8oZu_HG-hDhOFxduzvFzxCNT2zGbLub_w&s,8,0,0
1614618881283,8,Kittens-8,200,OK,Google Various 1-2,bin,true,,4157,200,1,2,http://t0.gstatic.com/images?q=tbn:ANd9GcRlxS9HFMzpeFNwqnZSlAcuirSn4FOTaABw5-3DAiGTTxMaQ7wmMntvTut2KBs&s,8,0,0
1614618881291,7,Kittens-9,200,OK,Google Various 1-2,bin,true,,4429,200,1,2,http://t0.gstatic.com/images?q=tbn:ANd9GcQjBjajkHZTPj18kpnnSpft1YLQm8_NcSgurLJYJSz_Oroq2oc5kH3svtIhGNU&s,7,0,0
1614618881298,8,Kittens-10,200,OK,Google Various 1-2,bin,true,,4346,200,1,2,http://t0.gstatic.com/images?q=tbn:ANd9GcR0JM2VpbeRimMBgCyR8pHZUsmitQWAVaT9ZPnR9FbIcLcdjJ7R0S00B4Ye20g&s,8,0,0
1614618881306,7,Kittens-11,200,OK,Google Various 1-2,bin,true,,3170,200,1,2,http://t0.gstatic.com/images?q=tbn:ANd9GcQ232-aNWJgiYZX6-DjuVjs6kidOzSVonmXAA_pyx4o8H_WJcrlvZQ6HPHw9RM&s,7,0,0
1614618881313,8,Kittens-12,200,OK,Google Various 1-2,bin,true,,2737,200,1,2,http://t0.gstatic.com/images?q=tbn:ANd9GcQiZjOtpewwYB8js3zoF-1RyoPB0aUjhPjM4yMq-mxC7HkkmybKYYtnQyWDKG4&s,8,0,0
1614618881321,7,Kittens-13,200,OK,Google Various 1-2,bin,true,,2980,200,1,2,http://t0.gstatic.com/images?q=tbn:ANd9GcQiZqQVR9OuU1WhxU4h5UZ2UF9-g1aIwfW8iKb8EhJSD9zIj8tCNnowUpmVvfc&s,7,0,0
1614618881328,8,Kittens-14,200,OK,Google Various 1-2,bin,true,,3590,200,1,2,http://t0.gstatic.com/images?q=tbn:ANd9GcROKm5bfX-0VLIGvo_sUB2dUAMIag6LzkDUEV2WHevDgFDGszC1R0gqFIbS4H0&s,8,0,0
1614618881336,8,Kittens-15,200,OK,Google Various 1-2,bin,true,,5724,199,1,2,http://t0.gstatic.com/images?q=tbn:ANd9GcT4p8A-dZLyIu9V0SEAbi8PqnlK5xTf34I64XY9DTacqBmHJf0bRmGpAK_udA&s,8,0,0
1614618881344,8,Kittens-16,200,OK,Google Various 1-2,bin,true,,4097,199,1,2,http://t0.gstatic.com/images?q=tbn:ANd9GcRB-ISNQC48vt0f4iTVJ0MAmE9f2TZIcTnPe6SHqOHvjiM5xrUAVkpT5q1ZqQ&s,8,0,0
1614618881352,8,Kittens-17,200,OK,Google Various 1-2,bin,true,,4091,199,1,2,http://t0.gstatic.com/images?q=tbn:ANd9GcQg9sOHmUp2kbesAE9YNi3Ps1reCvxZDcisqAunYfGwlEIJHfJughwdSiIY0g&s,8,0,0
1614618881360,8,Kittens-18,200,OK,Google Various 1-2,bin,true,,3530,199,1,2,http://t0.gstatic.com/images?q=tbn:ANd9GcRdTsiSmkoyA7qZ1C7RsfN5suyWF9yhDxqE8kiYKZbR4EQu4mH3EDjpJF9kYg&s,8,0,0
1614618881368,8,Kittens-19,200,OK,Google Various 1-2,bin,true,,4160,199,1,2,http://t0.gstatic.com/images?q=tbn:ANd9GcSGhsO5eFetTirw_eFPgYzz-meGIpPI0a70bbt58AV7emExvcA2wqJYiAvuag&s,8,0,0
1614618881376,8,Kittens-20,200,OK,Google Various 1-2,bin,true,,4470,199,1,2,http://t0.gstatic.com/images?q=tbn:ANd9GcS7Xh8yIOy9zdPkwtuXfn9HwL-eL7BSXk9a4lr2wWJGVFBKUAXvb2U6J-88mA&s,8,0,0
1614618881385,8,Kittens-21,200,OK,Google Various 1-2,bin,true,,4215,199,1,2,http://t0.gstatic.com/images?q=tbn:ANd9GcQvyxA-ELvfLzcI0dBhPU8fviiDp4uGruFFYFnuzC22zkciZqp7vRTdcppJmA&s,8,0,0
1614618881393,7,Kittens-22,200,OK,Google Various 1-2,bin,true,,3686,200,1,2,http://t0.gstatic.com/images?q=tbn:ANd9GcQRZ2T-ev_jBdC4U1pFWX6jV_VUn91jntKj-D1yVeu6Ph0amGjljZOWN7BFw9Y&s,7,0,0
1614618881443,453,Kittens,200,OK,Google Various 1-3,text,true,,111295,4463,1,2,http://www.google.com/search?q=Kittens&tbm=isch,17,0,9
1614618881443,17,Kittens-0,301,Moved Permanently,Google Various 1-3,text,true,,593,139,1,2,http://google.com/search?q=Kittens&tbm=isch,17,0,9
1614618881461,257,Kittens-1,200,OK,Google Various 1-3,text,true,,28632,143,1,2,http://www.google.com/search?q=Kittens&tbm=isch,84,0,8
1614618881718,16,Kittens-2,200,OK,Google Various 1-3,bin,true,,2310,191,1,2,http://www.google.com/images/branding/searchlogo/1x/googlelogo_desk_heirloom_color_150x55dp.gif,16,0,0
1614618881734,17,Kittens-3,200,OK,Google Various 1-3,bin,true,,3539,199,1,2,http://t0.gstatic.com/images?q=tbn:ANd9GcRiJrXqWMvP4-IUsfqesDA9OpmSAeLYLsfawlMc-_F0AENdxwhpeKLYHW-nIw&s,17,0,9
1614618881751,9,Kittens-4,200,OK,Google Various 1-3,bin,true,,3809,200,1,2,http://t0.gstatic.com/images?q=tbn:ANd9GcS5ioR5ImZd23D-CPe2gqWaWW7qS7iDzlKNgMr2A78ZuqdzEz0FFH2Y0TUXdfI&s,9,0,0
1614618881760,10,Kittens-5,200,OK,Google Various 1-3,bin,true,,4410,199,1,2,http://t0.gstatic.com/images?q=tbn:ANd9GcRhNZgW4u_Uz9U8dQxd1l6VUXor6u8higMr7iwRkDqnqv6HJwZ_49rneOba4g&s,10,0,0
1614618881770,7,Kittens-6,200,OK,Google Various 1-3,bin,true,,4351,200,1,2,http://t0.gstatic.com/images?q=tbn:ANd9GcRtOIREyOoVJTh4Jl6QSIS4SyHbCs2b3GdcaFRdKJAbXIYqHwhUiJfXoeW1tAo&s,7,0,0
1614618881777,7,Kittens-7,200,OK,Google Various 1-3,bin,true,,4269,199,1,2,http://t0.gstatic.com/images?q=tbn:ANd9GcT7VfEhXE_Mc2m-noLV9aoUutirL8oZu_HG-hDhOFxduzvFzxCNT2zGbLub_w&s,7,0,0
1614618881784,8,Kittens-8,200,OK,Google Various 1-3,bin,true,,4157,200,1,2,http://t0.gstatic.com/images?q=tbn:ANd9GcRlxS9HFMzpeFNwqnZSlAcuirSn4FOTaABw5-3DAiGTTxMaQ7wmMntvTut2KBs&s,8,0,0
1614618881792,7,Kittens-9,200,OK,Google Various 1-3,bin,true,,4429,200,1,2,http://t0.gstatic.com/images?q=tbn:ANd9GcQjBjajkHZTPj18kpnnSpft1YLQm8_NcSgurLJYJSz_Oroq2oc5kH3svtIhGNU&s,7,0,0
1614618881799,8,Kittens-10,200,OK,Google Various 1-3,bin,true,,4346,200,1,2,http://t0.gstatic.com/images?q=tbn:ANd9GcR0JM2VpbeRimMBgCyR8pHZUsmitQWAVaT9ZPnR9FbIcLcdjJ7R0S00B4Ye20g&s,8,0,0
1614618881807,7,Kittens-11,200,OK,Google Various 1-3,bin,true,,3170,200,1,2,http://t0.gstatic.com/images?q=tbn:ANd9GcQ232-aNWJgiYZX6-DjuVjs6kidOzSVonmXAA_pyx4o8H_WJcrlvZQ6HPHw9RM&s,7,0,0
1614618881814,7,Kittens-12,200,OK,Google Various 1-3,bin,true,,2737,200,1,2,http://t0.gstatic.com/images?q=tbn:ANd9GcQiZjOtpewwYB8js3zoF-1RyoPB0aUjhPjM4yMq-mxC7HkkmybKYYtnQyWDKG4&s,7,0,0
1614618881821,7,Kittens-13,200,OK,Google Various 1-3,bin,true,,2980,200,1,2,http://t0.gstatic.com/images?q=tbn:ANd9GcQiZqQVR9OuU1WhxU4h5UZ2UF9-g1aIwfW8iKb8EhJSD9zIj8tCNnowUpmVvfc&s,7,0,0
1614618881828,8,Kittens-14,200,OK,Google Various 1-3,bin,true,,3590,200,1,2,http://t0.gstatic.com/images?q=tbn:ANd9GcROKm5bfX-0VLIGvo_sUB2dUAMIag6LzkDUEV2WHevDgFDGszC1R0gqFIbS4H0&s,8,0,0
1614618881836,7,Kittens-15,200,OK,Google Various 1-3,bin,true,,5724,199,1,2,http://t0.gstatic.com/images?q=tbn:ANd9GcT4p8A-dZLyIu9V0SEAbi8PqnlK5xTf34I64XY9DTacqBmHJf0bRmGpAK_udA&s,7,0,0
1614618881843,8,Kittens-16,200,OK,Google Various 1-3,bin,true,,4097,199,1,2,http://t0.gstatic.com/images?q=tbn:ANd9GcRB-ISNQC48vt0f4iTVJ0MAmE9f2TZIcTnPe6SHqOHvjiM5xrUAVkpT5q1ZqQ&s,8,0,0
1614618881851,7,Kittens-17,200,OK,Google Various 1-3,bin,true,,4091,199,1,2,http://t0.gstatic.com/images?q=tbn:ANd9GcQg9sOHmUp2kbesAE9YNi3Ps1reCvxZDcisqAunYfGwlEIJHfJughwdSiIY0g&s,7,0,0
1614618881858,7,Kittens-18,200,OK,Google Various 1-3,bin,true,,3530,199,1,2,http://t0.gstatic.com/images?q=tbn:ANd9GcRdTsiSmkoyA7qZ1C7RsfN5suyWF9yhDxqE8kiYKZbR4EQu4mH3EDjpJF9kYg&s,7,0,0
1614618881865,8,Kittens-19,200,OK,Google Various 1-3,bin,true,,4160,199,1,2,http://t0.gstatic.com/images?q=tbn:ANd9GcSGhsO5eFetTirw_eFPgYzz-meGIpPI0a70bbt58AV7emExvcA2wqJYiAvuag&s,8,0,0
1614618881873,8,Kittens-20,200,OK,Google Various 1-3,bin,true,,4470,199,1,2,http://t0.gstatic.com/images?q=tbn:ANd9GcS7Xh8yIOy9zdPkwtuXfn9HwL-eL7BSXk9a4lr2wWJGVFBKUAXvb2U6J-88mA&s,8,0,0
1614618881881,7,Kittens-21,200,OK,Google Various 1-3,bin,true,,4215,199,1,2,http://t0.gstatic.com/images?q=tbn:ANd9GcQvyxA-ELvfLzcI0dBhPU8fviiDp4uGruFFYFnuzC22zkciZqp7vRTdcppJmA&s,7,0,0
1614618881889,7,Kittens-22,200,OK,Google Various 1-3,bin,true,,3686,200,1,2,http://t0.gstatic.com/images?q=tbn:ANd9GcQRZ2T-ev_jBdC4U1pFWX6jV_VUn91jntKj-D1yVeu6Ph0amGjljZOWN7BFw9Y&s,7,0,0
1614618881943,499,Kittens,200,OK,Google Various 1-4,text,true,,111295,4463,2,3,http://www.google.com/search?q=Kittens&tbm=isch,28,0,20
1614618881943,28,Kittens-0,301,Moved Permanently,Google Various 1-4,text,true,,593,139,2,3,http://google.com/search?q=Kittens&tbm=isch,28,0,20
1614618881971,289,Kittens-1,200,OK,Google Various 1-4,text,true,,28632,143,2,3,http://www.google.com/search?q=Kittens&tbm=isch,96,0,9
1614618882261,14,Kittens-2,200,OK,Google Various 1-4,bin,true,,2310,191,2,3,http://www.google.com/images/branding/searchlogo/1x/googlelogo_desk_heirloom_color_150x55dp.gif,14,0,0
1614618882275,16,Kittens-3,200,OK,Google Various 1-4,bin,true,,3539,199,2,3,http://t0.gstatic.com/images?q=tbn:ANd9GcRiJrXqWMvP4-IUsfqesDA9OpmSAeLYLsfawlMc-_F0AENdxwhpeKLYHW-nIw&s,16,0,9
1614618882291,8,Kittens-4,200,OK,Google Various 1-4,bin,true,,3809,200,2,3,http://t0.gstatic.com/images?q=tbn:ANd9GcS5ioR5ImZd23D-CPe2gqWaWW7qS7iDzlKNgMr2A78ZuqdzEz0FFH2Y0TUXdfI&s,8,0,0
1614618882299,7,Kittens-5,200,OK,Google Various 1-4,bin,true,,4410,199,2,3,http://t0.gstatic.com/images?q=tbn:ANd9GcRhNZgW4u_Uz9U8dQxd1l6VUXor6u8higMr7iwRkDqnqv6HJwZ_49rneOba4g&s,7,0,0
1614618882306,8,Kittens-6,200,OK,Google Various 1-4,bin,true,,4351,200,2,3,http://t0.gstatic.com/images?q=tbn:ANd9GcRtOIREyOoVJTh4Jl6QSIS4SyHbCs2b3GdcaFRdKJAbXIYqHwhUiJfXoeW1tAo&s,8,0,0
1614618882314,7,Kittens-7,200,OK,Google Various 1-4,bin,true,,4269,199,2,3,http://t0.gstatic.com/images?q=tbn:ANd9GcT7VfEhXE_Mc2m-noLV9aoUutirL8oZu_HG-hDhOFxduzvFzxCNT2zGbLub_w&s,7,0,0
1614618882321,8,Kittens-8,200,OK,Google Various 1-4,bin,true,,4157,200,2,3,http://t0.gstatic.com/images?q=tbn:ANd9GcRlxS9HFMzpeFNwqnZSlAcuirSn4FOTaABw5-3DAiGTTxMaQ7wmMntvTut2KBs&s,8,0,0
1614618882329,9,Kittens-9,200,OK,Google Various 1-4,bin,true,,4429,200,2,3,http://t0.gstatic.com/images?q=tbn:ANd9GcQjBjajkHZTPj18kpnnSpft1YLQm8_NcSgurLJYJSz_Oroq2oc5kH3svtIhGNU&s,9,0,0
1614618882338,8,Kittens-10,200,OK,Google Various 1-4,bin,true,,4346,200,2,3,http://t0.gstatic.com/images?q=tbn:ANd9GcR0JM2VpbeRimMBgCyR8pHZUsmitQWAVaT9ZPnR9FbIcLcdjJ7R0S00B4Ye20g&s,8,0,0
1614618882346,8,Kittens-11,200,OK,Google Various 1-4,bin,true,,3170,200,2,3,http://t0.gstatic.com/images?q=tbn:ANd9GcQ232-aNWJgiYZX6-DjuVjs6kidOzSVonmXAA_pyx4o8H_WJcrlvZQ6HPHw9RM&s,8,0,0
1614618882354,8,Kittens-12,200,OK,Google Various 1-4,bin,true,,2737,200,2,3,http://t0.gstatic.com/images?q=tbn:ANd9GcQiZjOtpewwYB8js3zoF-1RyoPB0aUjhPjM4yMq-mxC7HkkmybKYYtnQyWDKG4&s,8,0,0
1614618882362,8,Kittens-13,200,OK,Google Various 1-4,bin,true,,2980,200,2,3,http://t0.gstatic.com/images?q=tbn:ANd9GcQiZqQVR9OuU1WhxU4h5UZ2UF9-g1aIwfW8iKb8EhJSD9zIj8tCNnowUpmVvfc&s,8,0,0
1614618882370,8,Kittens-14,200,OK,Google Various 1-4,bin,true,,3590,200,2,3,http://t0.gstatic.com/images?q=tbn:ANd9GcROKm5bfX-0VLIGvo_sUB2dUAMIag6LzkDUEV2WHevDgFDGszC1R0gqFIbS4H0&s,8,0,0
1614618882378,8,Kittens-15,200,OK,Google Various 1-4,bin,true,,5724,199,2,3,http://t0.gstatic.com/images?q=tbn:ANd9GcT4p8A-dZLyIu9V0SEAbi8PqnlK5xTf34I64XY9DTacqBmHJf0bRmGpAK_udA&s,8,0,0
1614618882386,7,Kittens-16,200,OK,Google Various 1-4,bin,true,,4097,199,2,3,http://t0.gstatic.com/images?q=tbn:ANd9GcRB-ISNQC48vt0f4iTVJ0MAmE9f2TZIcTnPe6SHqOHvjiM5xrUAVkpT5q1ZqQ&s,7,0,0
1614618882393,9,Kittens-17,200,OK,Google Various 1-4,bin,true,,4091,199,2,3,http://t0.gstatic.com/images?q=tbn:ANd9GcQg9sOHmUp2kbesAE9YNi3Ps1reCvxZDcisqAunYfGwlEIJHfJughwdSiIY0g&s,9,0,0
1614618882402,8,Kittens-18,200,OK,Google Various 1-4,bin,true,,3530,199,2,3,http://t0.gstatic.com/images?q=tbn:ANd9GcRdTsiSmkoyA7qZ1C7RsfN5suyWF9yhDxqE8kiYKZbR4EQu4mH3EDjpJF9kYg&s,8,0,0
1614618882410,8,Kittens-19,200,OK,Google Various 1-4,bin,true,,4160,199,2,3,http://t0.gstatic.com/images?q=tbn:ANd9GcSGhsO5eFetTirw_eFPgYzz-meGIpPI0a70bbt58AV7emExvcA2wqJYiAvuag&s,8,0,0
1614618882418,8,Kittens-20,200,OK,Google Various 1-4,bin,true,,4470,199,2,3,http://t0.gstatic.com/images?q=tbn:ANd9GcS7Xh8yIOy9zdPkwtuXfn9HwL-eL7BSXk9a4lr2wWJGVFBKUAXvb2U6J-88mA&s,8,0,0
1614618882426,9,Kittens-21,200,OK,Google Various 1-4,bin,true,,4215,199,2,3,http://t0.gstatic.com/images?q=tbn:ANd9GcQvyxA-ELvfLzcI0dBhPU8fviiDp4uGruFFYFnuzC22zkciZqp7vRTdcppJmA&s,9,0,0
1614618882435,7,Kittens-22,200,OK,Google Various 1-4,bin,true,,3686,200,2,3,http://t0.gstatic.com/images?q=tbn:ANd9GcQRZ2T-ev_jBdC4U1pFWX6jV_VUn91jntKj-D1yVeu6Ph0amGjljZOWN7BFw9Y&s,7,0,0
1614618882442,442,Kittens,200,OK,Google Various 1-5,text,true,,111295,4463,1,3,http://www.google.com/search?q=Kittens&tbm=isch,19,0,10
1614618882442,19,Kittens-0,301,Moved Permanently,Google Various 1-5,text,true,,593,139,1,3,http://google.com/search?q=Kittens&tbm=isch,19,0,10
1614618882461,239,Kittens-1,200,OK,Google Various 1-5,text,true,,28632,143,1,3,http://www.google.com/search?q=Kittens&tbm=isch,84,0,10
1614618882701,14,Kittens-2,200,OK,Google Various 1-5,bin,true,,2310,191,1,3,http://www.google.com/images/branding/searchlogo/1x/googlelogo_desk_heirloom_color_150x55dp.gif,14,0,0
1614618882716,17,Kittens-3,200,OK,Google Various 1-5,bin,true,,3539,199,1,3,http://t0.gstatic.com/images?q=tbn:ANd9GcRiJrXqWMvP4-IUsfqesDA9OpmSAeLYLsfawlMc-_F0AENdxwhpeKLYHW-nIw&s,17,0,9
1614618882733,8,Kittens-4,200,OK,Google Various 1-5,bin,true,,3809,200,1,3,http://t0.gstatic.com/images?q=tbn:ANd9GcS5ioR5ImZd23D-CPe2gqWaWW7qS7iDzlKNgMr2A78ZuqdzEz0FFH2Y0TUXdfI&s,8,0,0
1614618882741,7,Kittens-5,200,OK,Google Various 1-5,bin,true,,4410,199,1,3,http://t0.gstatic.com/images?q=tbn:ANd9GcRhNZgW4u_Uz9U8dQxd1l6VUXor6u8higMr7iwRkDqnqv6HJwZ_49rneOba4g&s,7,0,0
1614618882748,8,Kittens-6,200,OK,Google Various 1-5,bin,true,,4351,200,1,3,http://t0.gstatic.com/images?q=tbn:ANd9GcRtOIREyOoVJTh4Jl6QSIS4SyHbCs2b3GdcaFRdKJAbXIYqHwhUiJfXoeW1tAo&s,8,0,0
1614618882756,7,Kittens-7,200,OK,Google Various 1-5,bin,true,,4269,199,1,3,http://t0.gstatic.com/images?q=tbn:ANd9GcT7VfEhXE_Mc2m-noLV9aoUutirL8oZu_HG-hDhOFxduzvFzxCNT2zGbLub_w&s,7,0,0
1614618882763,7,Kittens-8,200,OK,Google Various 1-5,bin,true,,4157,200,1,3,http://t0.gstatic.com/images?q=tbn:ANd9GcRlxS9HFMzpeFNwqnZSlAcuirSn4FOTaABw5-3DAiGTTxMaQ7wmMntvTut2KBs&s,7,0,0
1614618882770,8,Kittens-9,200,OK,Google Various 1-5,bin,true,,4429,200,1,3,http://t0.gstatic.com/images?q=tbn:ANd9GcQjBjajkHZTPj18kpnnSpft1YLQm8_NcSgurLJYJSz_Oroq2oc5kH3svtIhGNU&s,8,0,0
1614618882778,8,Kittens-10,200,OK,Google Various 1-5,bin,true,,4346,200,1,3,http://t0.gstatic.com/images?q=tbn:ANd9GcR0JM2VpbeRimMBgCyR8pHZUsmitQWAVaT9ZPnR9FbIcLcdjJ7R0S00B4Ye20g&s,8,0,0
1614618882786,7,Kittens-11,200,OK,Google Various 1-5,bin,true,,3170,200,1,3,http://t0.gstatic.com/images?q=tbn:ANd9GcQ232-aNWJgiYZX6-DjuVjs6kidOzSVonmXAA_pyx4o8H_WJcrlvZQ6HPHw9RM&s,7,0,0
1614618882793,7,Kittens-12,200,OK,Google Various 1-5,bin,true,,2737,200,1,3,http://t0.gstatic.com/images?q=tbn:ANd9GcQiZjOtpewwYB8js3zoF-1RyoPB0aUjhPjM4yMq-mxC7HkkmybKYYtnQyWDKG4&s,7,0,0
1614618882800,8,Kittens-13,200,OK,Google Various 1-5,bin,true,,2980,200,1,3,http://t0.gstatic.com/images?q=tbn:ANd9GcQiZqQVR9OuU1WhxU4h5UZ2UF9-g1aIwfW8iKb8EhJSD9zIj8tCNnowUpmVvfc&s,8,0,0
1614618882808,7,Kittens-14,200,OK,Google Various 1-5,bin,true,,3590,200,1,3,http://t0.gstatic.com/images?q=tbn:ANd9GcROKm5bfX-0VLIGvo_sUB2dUAMIag6LzkDUEV2WHevDgFDGszC1R0gqFIbS4H0&s,7,0,0
1614618882815,8,Kittens-15,200,OK,Google Various 1-5,bin,true,,5724,199,1,3,http://t0.gstatic.com/images?q=tbn:ANd9GcT4p8A-dZLyIu9V0SEAbi8PqnlK5xTf34I64XY9DTacqBmHJf0bRmGpAK_udA&s,8,0,0
1614618882823,10,Kittens-16,200,OK,Google Various 1-5,bin,true,,4097,199,1,3,http://t0.gstatic.com/images?q=tbn:ANd9GcRB-ISNQC48vt0f4iTVJ0MAmE9f2TZIcTnPe6SHqOHvjiM5xrUAVkpT5q1ZqQ&s,10,0,0
1614618882833,8,Kittens-17,200,OK,Google Various 1-5,bin,true,,4091,199,1,3,http://t0.gstatic.com/images?q=tbn:ANd9GcQg9sOHmUp2kbesAE9YNi3Ps1reCvxZDcisqAunYfGwlEIJHfJughwdSiIY0g&s,8,0,0
1614618882841,12,Kittens-18,200,OK,Google Various 1-5,bin,true,,3530,199,1,3,http://t0.gstatic.com/images?q=tbn:ANd9GcRdTsiSmkoyA7qZ1C7RsfN5suyWF9yhDxqE8kiYKZbR4EQu4mH3EDjpJF9kYg&s,12,0,0
1614618882853,8,Kittens-19,200,OK,Google Various 1-5,bin,true,,4160,199,1,3,http://t0.gstatic.com/images?q=tbn:ANd9GcSGhsO5eFetTirw_eFPgYzz-meGIpPI0a70bbt58AV7emExvcA2wqJYiAvuag&s,8,0,0
1614618882861,7,Kittens-20,200,OK,Google Various 1-5,bin,true,,4470,199,1,3,http://t0.gstatic.com/images?q=tbn:ANd9GcS7Xh8yIOy9zdPkwtuXfn9HwL-eL7BSXk9a4lr2wWJGVFBKUAXvb2U6J-88mA&s,7,0,0
1614618882868,8,Kittens-21,200,OK,Google Various 1-5,bin,true,,4215,199,1,3,http://t0.gstatic.com/images?q=tbn:ANd9GcQvyxA-ELvfLzcI0dBhPU8fviiDp4uGruFFYFnuzC22zkciZqp7vRTdcppJmA&s,8,0,0
1614618882876,8,Kittens-22,200,OK,Google Various 1-5,bin,true,,3686,200,1,3,http://t0.gstatic.com/images?q=tbn:ANd9GcQRZ2T-ev_jBdC4U1pFWX6jV_VUn91jntKj-D1yVeu6Ph0amGjljZOWN7BFw9Y&s,8,0,0
1614618882942,482,Kittens,200,OK,Google Various 1-6,text,true,,111295,4463,1,3,http://www.google.com/search?q=Kittens&tbm=isch,27,0,20
1614618882942,27,Kittens-0,301,Moved Permanently,Google Various 1-6,text,true,,593,139,1,3,http://google.com/search?q=Kittens&tbm=isch,27,0,20
1614618882969,275,Kittens-1,200,OK,Google Various 1-6,text,true,,28632,143,1,3,http://www.google.com/search?q=Kittens&tbm=isch,90,0,10
1614618883244,15,Kittens-2,200,OK,Google Various 1-6,bin,true,,2310,191,1,3,http://www.google.com/images/branding/searchlogo/1x/googlelogo_desk_heirloom_color_150x55dp.gif,15,0,0
1614618883259,18,Kittens-3,200,OK,Google Various 1-6,bin,true,,3539,199,1,3,http://t0.gstatic.com/images?q=tbn:ANd9GcRiJrXqWMvP4-IUsfqesDA9OpmSAeLYLsfawlMc-_F0AENdxwhpeKLYHW-nIw&s,18,0,10
1614618883277,8,Kittens-4,200,OK,Google Various 1-6,bin,true,,3809,200,1,3,http://t0.gstatic.com/images?q=tbn:ANd9GcS5ioR5ImZd23D-CPe2gqWaWW7qS7iDzlKNgMr2A78ZuqdzEz0FFH2Y0TUXdfI&s,8,0,0
1614618883285,7,Kittens-5,200,OK,Google Various 1-6,bin,true,,4410,199,1,3,http://t0.gstatic.com/images?q=tbn:ANd9GcRhNZgW4u_Uz9U8dQxd1l6VUXor6u8higMr7iwRkDqnqv6HJwZ_49rneOba4g&s,7,0,0
1614618883292,8,Kittens-6,200,OK,Google Various 1-6,bin,true,,4351,200,1,3,http://t0.gstatic.com/images?q=tbn:ANd9GcRtOIREyOoVJTh4Jl6QSIS4SyHbCs2b3GdcaFRdKJAbXIYqHwhUiJfXoeW1tAo&s,8,0,0
1614618883300,7,Kittens-7,200,OK,Google Various 1-6,bin,true,,4269,199,1,3,http://t0.gstatic.com/images?q=tbn:ANd9GcT7VfEhXE_Mc2m-noLV9aoUutirL8oZu_HG-hDhOFxduzvFzxCNT2zGbLub_w&s,7,0,0
1614618883308,7,Kittens-8,200,OK,Google Various 1-6,bin,true,,4157,200,1,3,http://t0.gstatic.com/images?q=tbn:ANd9GcRlxS9HFMzpeFNwqnZSlAcuirSn4FOTaABw5-3DAiGTTxMaQ7wmMntvTut2KBs&s,7,0,0
1614618883315,8,Kittens-9,200,OK,Google Various 1-6,bin,true,,4429,200,1,3,http://t0.gstatic.com/images?q=tbn:ANd9GcQjBjajkHZTPj18kpnnSpft1YLQm8_NcSgurLJYJSz_Oroq2oc5kH3svtIhGNU&s,8,0,0
1614618883323,8,Kittens-10,200,OK,Google Various 1-6,bin,true,,4346,200,1,3,http://t0.gstatic.com/images?q=tbn:ANd9GcR0JM2VpbeRimMBgCyR8pHZUsmitQWAVaT9ZPnR9FbIcLcdjJ7R0S00B4Ye20g&s,8,0,0
1614618883331,8,Kittens-11,200,OK,Google Various 1-6,bin,true,,3170,200,1,3,http://t0.gstatic.com/images?q=tbn:ANd9GcQ232-aNWJgiYZX6-DjuVjs6kidOzSVonmXAA_pyx4o8H_WJcrlvZQ6HPHw9RM&s,8,0,0
1614618883339,7,Kittens-12,200,OK,Google Various 1-6,bin,true,,2737,200,1,3,http://t0.gstatic.com/images?q=tbn:ANd9GcQiZjOtpewwYB8js3zoF-1RyoPB0aUjhPjM4yMq-mxC7HkkmybKYYtnQyWDKG4&s,7,0,0
1614618883346,8,Kittens-13,200,OK,Google Various 1-6,bin,true,,2980,200,1,3,http://t0.gstatic.com/images?q=tbn:ANd9GcQiZqQVR9OuU1WhxU4h5UZ2UF9-g1aIwfW8iKb8EhJSD9zIj8tCNnowUpmVvfc&s,8,0,0
1614618883354,7,Kittens-14,200,OK,Google Various 1-6,bin,true,,3590,200,1,3,http://t0.gstatic.com/images?q=tbn:ANd9GcROKm5bfX-0VLIGvo_sUB2dUAMIag6LzkDUEV2WHevDgFDGszC1R0gqFIbS4H0&s,7,0,0
1614618883361,8,Kittens-15,200,OK,Google Various 1-6,bin,true,,5724,199,1,3,http://t0.gstatic.com/images?q=tbn:ANd9GcT4p8A-dZLyIu9V0SEAbi8PqnlK5xTf34I64XY9DTacqBmHJf0bRmGpAK_udA&s,8,0,0
1614618883369,8,Kittens-16,200,OK,Google Various 1-6,bin,true,,4097,199,1,3,http://t0.gstatic.com/images?q=tbn:ANd9GcRB-ISNQC48vt0f4iTVJ0MAmE9f2TZIcTnPe6SHqOHvjiM5xrUAVkpT5q1ZqQ&s,8,0,0
1614618883377,8,Kittens-17,200,OK,Google Various 1-6,bin,true,,4091,199,1,3,http://t0.gstatic.com/images?q=tbn:ANd9GcQg9sOHmUp2kbesAE9YNi3Ps1reCvxZDcisqAunYfGwlEIJHfJughwdSiIY0g&s,8,0,0
1614618883385,8,Kittens-18,200,OK,Google Various 1-6,bin,true,,3530,199,1,3,http://t0.gstatic.com/images?q=tbn:ANd9GcRdTsiSmkoyA7qZ1C7RsfN5suyWF9yhDxqE8kiYKZbR4EQu4mH3EDjpJF9kYg&s,8,0,0
1614618883393,7,Kittens-19,200,OK,Google Various 1-6,bin,true,,4160,199,1,3,http://t0.gstatic.com/images?q=tbn:ANd9GcSGhsO5eFetTirw_eFPgYzz-meGIpPI0a70bbt58AV7emExvcA2wqJYiAvuag&s,7,0,0
1614618883401,7,Kittens-20,200,OK,Google Various 1-6,bin,true,,4470,199,1,3,http://t0.gstatic.com/images?q=tbn:ANd9GcS7Xh8yIOy9zdPkwtuXfn9HwL-eL7BSXk9a4lr2wWJGVFBKUAXvb2U6J-88mA&s,7,0,0
1614618883408,8,Kittens-21,200,OK,Google Various 1-6,bin,true,,4215,199,1,3,http://t0.gstatic.com/images?q=tbn:ANd9GcQvyxA-ELvfLzcI0dBhPU8fviiDp4uGruFFYFnuzC22zkciZqp7vRTdcppJmA&s,8,0,0
1614618883416,8,Kittens-22,200,OK,Google Various 1-6,bin,true,,3686,200,1,3,http://t0.gstatic.com/images?q=tbn:ANd9GcQRZ2T-ev_jBdC4U1pFWX6jV_VUn91jntKj-D1yVeu6Ph0amGjljZOWN7BFw9Y&s,8,0,0
1614618883445,474,Kittens,200,OK,Google Various 1-7,text,true,,111294,4463,1,3,http://www.google.com/search?q=Kittens&tbm=isch,20,0,12
1614618883445,20,Kittens-0,301,Moved Permanently,Google Various 1-7,text,true,,593,139,1,3,http://google.com/search?q=Kittens&tbm=isch,20,0,12
1614618883465,272,Kittens-1,200,OK,Google Various 1-7,text,true,,28631,143,1,3,http://www.google.com/search?q=Kittens&tbm=isch,91,0,12
1614618883737,15,Kittens-2,200,OK,Google Various 1-7,bin,true,,2310,191,1,3,http://www.google.com/images/branding/searchlogo/1x/googlelogo_desk_heirloom_color_150x55dp.gif,15,0,0
1614618883752,17,Kittens-3,200,OK,Google Various 1-7,bin,true,,3539,199,1,3,http://t0.gstatic.com/images?q=tbn:ANd9GcRiJrXqWMvP4-IUsfqesDA9OpmSAeLYLsfawlMc-_F0AENdxwhpeKLYHW-nIw&s,17,0,10
1614618883769,9,Kittens-4,200,OK,Google Various 1-7,bin,true,,3809,200,1,3,http://t0.gstatic.com/images?q=tbn:ANd9GcS5ioR5ImZd23D-CPe2gqWaWW7qS7iDzlKNgMr2A78ZuqdzEz0FFH2Y0TUXdfI&s,9,0,0
1614618883778,7,Kittens-5,200,OK,Google Various 1-7,bin,true,,4410,199,1,3,http://t0.gstatic.com/images?q=tbn:ANd9GcRhNZgW4u_Uz9U8dQxd1l6VUXor6u8higMr7iwRkDqnqv6HJwZ_49rneOba4g&s,7,0,0
1614618883785,7,Kittens-6,200,OK,Google Various 1-7,bin,true,,4351,200,1,3,http://t0.gstatic.com/images?q=tbn:ANd9GcRtOIREyOoVJTh4Jl6QSIS4SyHbCs2b3GdcaFRdKJAbXIYqHwhUiJfXoeW1tAo&s,7,0,0
1614618883792,7,Kittens-7,200,OK,Google Various 1-7,bin,true,,4269,199,1,3,http://t0.gstatic.com/images?q=tbn:ANd9GcT7VfEhXE_Mc2m-noLV9aoUutirL8oZu_HG-hDhOFxduzvFzxCNT2zGbLub_w&s,7,0,0
1614618883799,8,Kittens-8,200,OK,Google Various 1-7,bin,true,,4157,200,1,3,http://t0.gstatic.com/images?q=tbn:ANd9GcRlxS9HFMzpeFNwqnZSlAcuirSn4FOTaABw5-3DAiGTTxMaQ7wmMntvTut2KBs&s,8,0,0
1614618883807,8,Kittens-9,200,OK,Google Various 1-7,bin,true,,4429,200,1,3,http://t0.gstatic.com/images?q=tbn:ANd9GcQjBjajkHZTPj18kpnnSpft1YLQm8_NcSgurLJYJSz_Oroq2oc5kH3svtIhGNU&s,8,0,0
1614618883815,8,Kittens-10,200,OK,Google Various 1-7,bin,true,,4346,200,1,3,http://t0.gstatic.com/images?q=tbn:ANd9GcR0JM2VpbeRimMBgCyR8pHZUsmitQWAVaT9ZPnR9FbIcLcdjJ7R0S00B4Ye20g&s,8,0,0
1614618883823,7,Kittens-11,200,OK,Google Various 1-7,bin,true,,3170,200,1,3,http://t0.gstatic.com/images?q=tbn:ANd9GcQ232-aNWJgiYZX6-DjuVjs6kidOzSVonmXAA_pyx4o8H_WJcrlvZQ6HPHw9RM&s,7,0,0
1614618883830,7,Kittens-12,200,OK,Google Various 1-7,bin,true,,2737,200,1,3,http://t0.gstatic.com/images?q=tbn:ANd9GcQiZjOtpewwYB8js3zoF-1RyoPB0aUjhPjM4yMq-mxC7HkkmybKYYtnQyWDKG4&s,7,0,0
1614618883837,10,Kittens-13,200,OK,Google Various 1-7,bin,true,,2980,200,1,3,http://t0.gstatic.com/images?q=tbn:ANd9GcQiZqQVR9OuU1WhxU4h5UZ2UF9-g1aIwfW8iKb8EhJSD9zIj8tCNnowUpmVvfc&s,10,0,0
1614618883847,7,Kittens-14,200,OK,Google Various 1-7,bin,true,,3590,200,1,3,http://t0.gstatic.com/images?q=tbn:ANd9GcROKm5bfX-0VLIGvo_sUB2dUAMIag6LzkDUEV2WHevDgFDGszC1R0gqFIbS4H0&s,7,0,0
1614618883854,9,Kittens-15,200,OK,Google Various 1-7,bin,true,,5724,199,1,3,http://t0.gstatic.com/images?q=tbn:ANd9GcT4p8A-dZLyIu9V0SEAbi8PqnlK5xTf34I64XY9DTacqBmHJf0bRmGpAK_udA&s,9,0,0
1614618883863,8,Kittens-16,200,OK,Google Various 1-7,bin,true,,4097,199,1,3,http://t0.gstatic.com/images?q=tbn:ANd9GcRB-ISNQC48vt0f4iTVJ0MAmE9f2TZIcTnPe6SHqOHvjiM5xrUAVkpT5q1ZqQ&s,8,0,0
1614618883871,8,Kittens-17,200,OK,Google Various 1-7,bin,true,,4091,199,1,3,http://t0.gstatic.com/images?q=tbn:ANd9GcQg9sOHmUp2kbesAE9YNi3Ps1reCvxZDcisqAunYfGwlEIJHfJughwdSiIY0g&s,8,0,0
1614618883879,9,Kittens-18,200,OK,Google Various 1-7,bin,true,,3530,199,1,3,http://t0.gstatic.com/images?q=tbn:ANd9GcRdTsiSmkoyA7qZ1C7RsfN5suyWF9yhDxqE8kiYKZbR4EQu4mH3EDjpJF9kYg&s,9,0,0
1614618883888,7,Kittens-19,200,OK,Google Various 1-7,bin,true,,4160,199,1,3,http://t0.gstatic.com/images?q=tbn:ANd9GcSGhsO5eFetTirw_eFPgYzz-meGIpPI0a70bbt58AV7emExvcA2wqJYiAvuag&s,7,0,0
1614618883895,8,Kittens-20,200,OK,Google Various 1-7,bin,true,,4470,199,1,3,http://t0.gstatic.com/images?q=tbn:ANd9GcS7Xh8yIOy9zdPkwtuXfn9HwL-eL7BSXk9a4lr2wWJGVFBKUAXvb2U6J-88mA&s,8,0,0
1614618883903,8,Kittens-21,200,OK,Google Various 1-7,bin,true,,4215,199,1,3,http://t0.gstatic.com/images?q=tbn:ANd9GcQvyxA-ELvfLzcI0dBhPU8fviiDp4uGruFFYFnuzC22zkciZqp7vRTdcppJmA&s,8,0,0
1614618883911,8,Kittens-22,200,OK,Google Various 1-7,bin,true,,3686,200,1,3,http://t0.gstatic.com/images?q=tbn:ANd9GcQRZ2T-ev_jBdC4U1pFWX6jV_VUn91jntKj-D1yVeu6Ph0amGjljZOWN7BFw9Y&s,8,0,0
1614618883945,452,Kittens,200,OK,Google Various 1-8,text,true,,111295,4463,1,2,http://www.google.com/search?q=Kittens&tbm=isch,19,0,11
1614618883945,19,Kittens-0,301,Moved Permanently,Google Various 1-8,text,true,,593,139,1,2,http://google.com/search?q=Kittens&tbm=isch,19,0,11
1614618883965,249,Kittens-1,200,OK,Google Various 1-8,text,true,,28632,143,1,2,http://www.google.com/search?q=Kittens&tbm=isch,93,0,10
1614618884214,16,Kittens-2,200,OK,Google Various 1-8,bin,true,,2310,191,1,2,http://www.google.com/images/branding/searchlogo/1x/googlelogo_desk_heirloom_color_150x55dp.gif,16,0,0
1614618884230,17,Kittens-3,200,OK,Google Various 1-8,bin,true,,3539,199,1,2,http://t0.gstatic.com/images?q=tbn:ANd9GcRiJrXqWMvP4-IUsfqesDA9OpmSAeLYLsfawlMc-_F0AENdxwhpeKLYHW-nIw&s,17,0,9
1614618884247,8,Kittens-4,200,OK,Google Various 1-8,bin,true,,3809,200,1,2,http://t0.gstatic.com/images?q=tbn:ANd9GcS5ioR5ImZd23D-CPe2gqWaWW7qS7iDzlKNgMr2A78ZuqdzEz0FFH2Y0TUXdfI&s,7,0,0
1614618884255,7,Kittens-5,200,OK,Google Various 1-8,bin,true,,4410,199,1,2,http://t0.gstatic.com/images?q=tbn:ANd9GcRhNZgW4u_Uz9U8dQxd1l6VUXor6u8higMr7iwRkDqnqv6HJwZ_49rneOba4g&s,7,0,0
1614618884262,8,Kittens-6,200,OK,Google Various 1-8,bin,true,,4351,200,1,2,http://t0.gstatic.com/images?q=tbn:ANd9GcRtOIREyOoVJTh4Jl6QSIS4SyHbCs2b3GdcaFRdKJAbXIYqHwhUiJfXoeW1tAo&s,8,0,0
1614618884270,8,Kittens-7,200,OK,Google Various 1-8,bin,true,,4269,199,1,2,http://t0.gstatic.com/images?q=tbn:ANd9GcT7VfEhXE_Mc2m-noLV9aoUutirL8oZu_HG-hDhOFxduzvFzxCNT2zGbLub_w&s,8,0,0
1614618884278,8,Kittens-8,200,OK,Google Various 1-8,bin,true,,4157,200,1,2,http://t0.gstatic.com/images?q=tbn:ANd9GcRlxS9HFMzpeFNwqnZSlAcuirSn4FOTaABw5-3DAiGTTxMaQ7wmMntvTut2KBs&s,8,0,0
1614618884286,7,Kittens-9,200,OK,Google Various 1-8,bin,true,,4429,200,1,2,http://t0.gstatic.com/images?q=tbn:ANd9GcQjBjajkHZTPj18kpnnSpft1YLQm8_NcSgurLJYJSz_Oroq2oc5kH3svtIhGNU&s,7,0,0
1614618884293,8,Kittens-10,200,OK,Google Various 1-8,bin,true,,4346,200,1,2,http://t0.gstatic.com/images?q=tbn:ANd9GcR0JM2VpbeRimMBgCyR8pHZUsmitQWAVaT9ZPnR9FbIcLcdjJ7R0S00B4Ye20g&s,8,0,0
1614618884301,8,Kittens-11,200,OK,Google Various 1-8,bin,true,,3170,200,1,2,http://t0.gstatic.com/images?q=tbn:ANd9GcQ232-aNWJgiYZX6-DjuVjs6kidOzSVonmXAA_pyx4o8H_WJcrlvZQ6HPHw9RM&s,8,0,0
1614618884309,7,Kittens-12,200,OK,Google Various 1-8,bin,true,,2737,200,1,2,http://t0.gstatic.com/images?q=tbn:ANd9GcQiZjOtpewwYB8js3zoF-1RyoPB0aUjhPjM4yMq-mxC7HkkmybKYYtnQyWDKG4&s,7,0,0
1614618884316,8,Kittens-13,200,OK,Google Various 1-8,bin,true,,2980,200,1,2,http://t0.gstatic.com/images?q=tbn:ANd9GcQiZqQVR9OuU1WhxU4h5UZ2UF9-g1aIwfW8iKb8EhJSD9zIj8tCNnowUpmVvfc&s,8,0,0
1614618884324,7,Kittens-14,200,OK,Google Various 1-8,bin,true,,3590,200,1,2,http://t0.gstatic.com/images?q=tbn:ANd9GcROKm5bfX-0VLIGvo_sUB2dUAMIag6LzkDUEV2WHevDgFDGszC1R0gqFIbS4H0&s,7,0,0
1614618884331,8,Kittens-15,200,OK,Google Various 1-8,bin,true,,5724,199,1,2,http://t0.gstatic.com/images?q=tbn:ANd9GcT4p8A-dZLyIu9V0SEAbi8PqnlK5xTf34I64XY9DTacqBmHJf0bRmGpAK_udA&s,8,0,0
1614618884339,8,Kittens-16,200,OK,Google Various 1-8,bin,true,,4097,199,1,2,http://t0.gstatic.com/images?q=tbn:ANd9GcRB-ISNQC48vt0f4iTVJ0MAmE9f2TZIcTnPe6SHqOHvjiM5xrUAVkpT5q1ZqQ&s,8,0,0
1614618884347,7,Kittens-17,200,OK,Google Various 1-8,bin,true,,4091,199,1,2,http://t0.gstatic.com/images?q=tbn:ANd9GcQg9sOHmUp2kbesAE9YNi3Ps1reCvxZDcisqAunYfGwlEIJHfJughwdSiIY0g&s,7,0,0
1614618884354,8,Kittens-18,200,OK,Google Various 1-8,bin,true,,3530,199,1,2,http://t0.gstatic.com/images?q=tbn:ANd9GcRdTsiSmkoyA7qZ1C7RsfN5suyWF9yhDxqE8kiYKZbR4EQu4mH3EDjpJF9kYg&s,8,0,0
1614618884362,13,Kittens-19,200,OK,Google Various 1-8,bin,true,,4160,199,1,2,http://t0.gstatic.com/images?q=tbn:ANd9GcSGhsO5eFetTirw_eFPgYzz-meGIpPI0a70bbt58AV7emExvcA2wqJYiAvuag&s,13,0,0
1614618884375,7,Kittens-20,200,OK,Google Various 1-8,bin,true,,4470,199,1,2,http://t0.gstatic.com/images?q=tbn:ANd9GcS7Xh8yIOy9zdPkwtuXfn9HwL-eL7BSXk9a4lr2wWJGVFBKUAXvb2U6J-88mA&s,7,0,0
1614618884382,8,Kittens-21,200,OK,Google Various 1-8,bin,true,,4215,199,1,2,http://t0.gstatic.com/images?q=tbn:ANd9GcQvyxA-ELvfLzcI0dBhPU8fviiDp4uGruFFYFnuzC22zkciZqp7vRTdcppJmA&s,8,0,0
1614618884390,7,Kittens-22,200,OK,Google Various 1-8,bin,true,,3686,200,1,2,http://t0.gstatic.com/images?q=tbn:ANd9GcQRZ2T-ev_jBdC4U1pFWX6jV_VUn91jntKj-D1yVeu6Ph0amGjljZOWN7BFw9Y&s,7,0,0
1614618884444,596,Kittens,200,OK,Google Various 1-9,text,true,,111295,4463,2,4,http://www.google.com/search?q=Kittens&tbm=isch,20,0,13
1614618884444,20,Kittens-0,301,Moved Permanently,Google Various 1-9,text,true,,593,139,2,4,http://google.com/search?q=Kittens&tbm=isch,20,0,13
1614618884464,392,Kittens-1,200,OK,Google Various 1-9,text,true,,28632,143,2,4,http://www.google.com/search?q=Kittens&tbm=isch,93,0,9
1614618884856,15,Kittens-2,200,OK,Google Various 1-9,bin,true,,2310,191,2,4,http://www.google.com/images/branding/searchlogo/1x/googlelogo_desk_heirloom_color_150x55dp.gif,15,0,0
1614618884871,17,Kittens-3,200,OK,Google Various 1-9,bin,true,,3539,199,2,4,http://t0.gstatic.com/images?q=tbn:ANd9GcRiJrXqWMvP4-IUsfqesDA9OpmSAeLYLsfawlMc-_F0AENdxwhpeKLYHW-nIw&s,17,0,9
1614618884888,10,Kittens-4,200,OK,Google Various 1-9,bin,true,,3809,200,2,4,http://t0.gstatic.com/images?q=tbn:ANd9GcS5ioR5ImZd23D-CPe2gqWaWW7qS7iDzlKNgMr2A78ZuqdzEz0FFH2Y0TUXdfI&s,10,0,0
1614618884898,7,Kittens-5,200,OK,Google Various 1-9,bin,true,,4410,199,2,4,http://t0.gstatic.com/images?q=tbn:ANd9GcRhNZgW4u_Uz9U8dQxd1l6VUXor6u8higMr7iwRkDqnqv6HJwZ_49rneOba4g&s,7,0,0
1614618884905,8,Kittens-6,200,OK,Google Various 1-9,bin,true,,4351,200,2,4,http://t0.gstatic.com/images?q=tbn:ANd9GcRtOIREyOoVJTh4Jl6QSIS4SyHbCs2b3GdcaFRdKJAbXIYqHwhUiJfXoeW1tAo&s,8,0,0
1614618884913,7,Kittens-7,200,OK,Google Various 1-9,bin,true,,4269,199,2,4,http://t0.gstatic.com/images?q=tbn:ANd9GcT7VfEhXE_Mc2m-noLV9aoUutirL8oZu_HG-hDhOFxduzvFzxCNT2zGbLub_w&s,7,0,0
1614618884920,8,Kittens-8,200,OK,Google Various 1-9,bin,true,,4157,200,2,4,http://t0.gstatic.com/images?q=tbn:ANd9GcRlxS9HFMzpeFNwqnZSlAcuirSn4FOTaABw5-3DAiGTTxMaQ7wmMntvTut2KBs&s,8,0,0
1614618884928,8,Kittens-9,200,OK,Google Various 1-9,bin,true,,4429,200,2,4,http://t0.gstatic.com/images?q=tbn:ANd9GcQjBjajkHZTPj18kpnnSpft1YLQm8_NcSgurLJYJSz_Oroq2oc5kH3svtIhGNU&s,8,0,0
1614618884936,7,Kittens-10,200,OK,Google Various 1-9,bin,true,,4346,200,2,4,http://t0.gstatic.com/images?q=tbn:ANd9GcR0JM2VpbeRimMBgCyR8pHZUsmitQWAVaT9ZPnR9FbIcLcdjJ7R0S00B4Ye20g&s,7,0,0
1614618884943,8,Kittens-11,200,OK,Google Various 1-9,bin,true,,3170,200,2,4,http://t0.gstatic.com/images?q=tbn:ANd9GcQ232-aNWJgiYZX6-DjuVjs6kidOzSVonmXAA_pyx4o8H_WJcrlvZQ6HPHw9RM&s,8,0,0
1614618884951,8,Kittens-12,200,OK,Google Various 1-9,bin,true,,2737,200,2,4,http://t0.gstatic.com/images?q=tbn:ANd9GcQiZjOtpewwYB8js3zoF-1RyoPB0aUjhPjM4yMq-mxC7HkkmybKYYtnQyWDKG4&s,8,0,0
1614618884959,7,Kittens-13,200,OK,Google Various 1-9,bin,true,,2980,200,2,4,http://t0.gstatic.com/images?q=tbn:ANd9GcQiZqQVR9OuU1WhxU4h5UZ2UF9-g1aIwfW8iKb8EhJSD9zIj8tCNnowUpmVvfc&s,7,0,0
1614618884966,8,Kittens-14,200,OK,Google Various 1-9,bin,true,,3590,200,2,4,http://t0.gstatic.com/images?q=tbn:ANd9GcROKm5bfX-0VLIGvo_sUB2dUAMIag6LzkDUEV2WHevDgFDGszC1R0gqFIbS4H0&s,8,0,0
1614618884974,8,Kittens-15,200,OK,Google Various 1-9,bin,true,,5724,199,2,4,http://t0.gstatic.com/images?q=tbn:ANd9GcT4p8A-dZLyIu9V0SEAbi8PqnlK5xTf34I64XY9DTacqBmHJf0bRmGpAK_udA&s,8,0,0
1614618884982,7,Kittens-16,200,OK,Google Various 1-9,bin,true,,4097,199,2,4,http://t0.gstatic.com/images?q=tbn:ANd9GcRB-ISNQC48vt0f4iTVJ0MAmE9f2TZIcTnPe6SHqOHvjiM5xrUAVkpT5q1ZqQ&s,7,0,0
1614618884989,8,Kittens-17,200,OK,Google Various 1-9,bin,true,,4091,199,2,4,http://t0.gstatic.com/images?q=tbn:ANd9GcQg9sOHmUp2kbesAE9YNi3Ps1reCvxZDcisqAunYfGwlEIJHfJughwdSiIY0g&s,8,0,0
1614618884997,9,Kittens-18,200,OK,Google Various 1-9,bin,true,,3530,199,2,4,http://t0.gstatic.com/images?q=tbn:ANd9GcRdTsiSmkoyA7qZ1C7RsfN5suyWF9yhDxqE8kiYKZbR4EQu4mH3EDjpJF9kYg&s,9,0,0
1614618885006,8,Kittens-19,200,OK,Google Various 1-9,bin,true,,4160,199,2,4,http://t0.gstatic.com/images?q=tbn:ANd9GcSGhsO5eFetTirw_eFPgYzz-meGIpPI0a70bbt58AV7emExvcA2wqJYiAvuag&s,8,0,0
1614618885014,9,Kittens-20,200,OK,Google Various 1-9,bin,true,,4470,199,2,4,http://t0.gstatic.com/images?q=tbn:ANd9GcS7Xh8yIOy9zdPkwtuXfn9HwL-eL7BSXk9a4lr2wWJGVFBKUAXvb2U6J-88mA&s,9,0,0
1614618885023,10,Kittens-21,200,OK,Google Various 1-9,bin,true,,4215,199,2,4,http://t0.gstatic.com/images?q=tbn:ANd9GcQvyxA-ELvfLzcI0dBhPU8fviiDp4uGruFFYFnuzC22zkciZqp7vRTdcppJmA&s,10,0,0
1614618885033,7,Kittens-22,200,OK,Google Various 1-9,bin,true,,3686,200,2,4,http://t0.gstatic.com/images?q=tbn:ANd9GcQRZ2T-ev_jBdC4U1pFWX6jV_VUn91jntKj-D1yVeu6Ph0amGjljZOWN7BFw9Y&s,7,0,0
1614618884943,457,Kittens,200,OK,Google Various 1-10,text,true,,111294,4463,1,2,http://www.google.com/search?q=Kittens&tbm=isch,20,0,12
1614618884943,20,Kittens-0,301,Moved Permanently,Google Various 1-10,text,true,,593,139,1,2,http://google.com/search?q=Kittens&tbm=isch,20,0,12
1614618884963,255,Kittens-1,200,OK,Google Various 1-10,text,true,,28631,143,1,2,http://www.google.com/search?q=Kittens&tbm=isch,93,0,9
1614618885219,13,Kittens-2,200,OK,Google Various 1-10,bin,true,,2310,191,1,2,http://www.google.com/images/branding/searchlogo/1x/googlelogo_desk_heirloom_color_150x55dp.gif,13,0,0
1614618885233,17,Kittens-3,200,OK,Google Various 1-10,bin,true,,3539,199,1,2,http://t0.gstatic.com/images?q=tbn:ANd9GcRiJrXqWMvP4-IUsfqesDA9OpmSAeLYLsfawlMc-_F0AENdxwhpeKLYHW-nIw&s,17,0,9
1614618885250,7,Kittens-4,200,OK,Google Various 1-10,bin,true,,3809,200,1,2,http://t0.gstatic.com/images?q=tbn:ANd9GcS5ioR5ImZd23D-CPe2gqWaWW7qS7iDzlKNgMr2A78ZuqdzEz0FFH2Y0TUXdfI&s,7,0,0
1614618885257,8,Kittens-5,200,OK,Google Various 1-10,bin,true,,4410,199,1,2,http://t0.gstatic.com/images?q=tbn:ANd9GcRhNZgW4u_Uz9U8dQxd1l6VUXor6u8higMr7iwRkDqnqv6HJwZ_49rneOba4g&s,8,0,0
1614618885265,8,Kittens-6,200,OK,Google Various 1-10,bin,true,,4351,200,1,2,http://t0.gstatic.com/images?q=tbn:ANd9GcRtOIREyOoVJTh4Jl6QSIS4SyHbCs2b3GdcaFRdKJAbXIYqHwhUiJfXoeW1tAo&s,8,0,0
1614618885273,7,Kittens-7,200,OK,Google Various 1-10,bin,true,,4269,199,1,2,http://t0.gstatic.com/images?q=tbn:ANd9GcT7VfEhXE_Mc2m-noLV9aoUutirL8oZu_HG-hDhOFxduzvFzxCNT2zGbLub_w&s,7,0,0
1614618885281,7,Kittens-8,200,OK,Google Various 1-10,bin,true,,4157,200,1,2,http://t0.gstatic.com/images?q=tbn:ANd9GcRlxS9HFMzpeFNwqnZSlAcuirSn4FOTaABw5-3DAiGTTxMaQ7wmMntvTut2KBs&s,7,0,0
1614618885288,8,Kittens-9,200,OK,Google Various 1-10,bin,true,,4429,200,1,2,http://t0.gstatic.com/images?q=tbn:ANd9GcQjBjajkHZTPj18kpnnSpft1YLQm8_NcSgurLJYJSz_Oroq2oc5kH3svtIhGNU&s,8,0,0
1614618885297,7,Kittens-10,200,OK,Google Various 1-10,bin,true,,4346,200,1,2,http://t0.gstatic.com/images?q=tbn:ANd9GcR0JM2VpbeRimMBgCyR8pHZUsmitQWAVaT9ZPnR9FbIcLcdjJ7R0S00B4Ye20g&s,7,0,0
1614618885304,8,Kittens-11,200,OK,Google Various 1-10,bin,true,,3170,200,1,2,http://t0.gstatic.com/images?q=tbn:ANd9GcQ232-aNWJgiYZX6-DjuVjs6kidOzSVonmXAA_pyx4o8H_WJcrlvZQ6HPHw9RM&s,8,0,0
1614618885312,8,Kittens-12,200,OK,Google Various 1-10,bin,true,,2737,200,1,2,http://t0.gstatic.com/images?q=tbn:ANd9GcQiZjOtpewwYB8js3zoF-1RyoPB0aUjhPjM4yMq-mxC7HkkmybKYYtnQyWDKG4&s,8,0,0
1614618885320,7,Kittens-13,200,OK,Google Various 1-10,bin,true,,2980,200,1,2,http://t0.gstatic.com/images?q=tbn:ANd9GcQiZqQVR9OuU1WhxU4h5UZ2UF9-g1aIwfW8iKb8EhJSD9zIj8tCNnowUpmVvfc&s,7,0,0
1614618885327,8,Kittens-14,200,OK,Google Various 1-10,bin,true,,3590,200,1,2,http://t0.gstatic.com/images?q=tbn:ANd9GcROKm5bfX-0VLIGvo_sUB2dUAMIag6LzkDUEV2WHevDgFDGszC1R0gqFIbS4H0&s,8,0,0
1614618885335,8,Kittens-15,200,OK,Google Various 1-10,bin,true,,5724,199,1,2,http://t0.gstatic.com/images?q=tbn:ANd9GcT4p8A-dZLyIu9V0SEAbi8PqnlK5xTf34I64XY9DTacqBmHJf0bRmGpAK_udA&s,8,0,0
1614618885343,8,Kittens-16,200,OK,Google Various 1-10,bin,true,,4097,199,1,2,http://t0.gstatic.com/images?q=tbn:ANd9GcRB-ISNQC48vt0f4iTVJ0MAmE9f2TZIcTnPe6SHqOHvjiM5xrUAVkpT5q1ZqQ&s,8,0,0
1614618885351,8,Kittens-17,200,OK,Google Various 1-10,bin,true,,4091,199,1,2,http://t0.gstatic.com/images?q=tbn:ANd9GcQg9sOHmUp2kbesAE9YNi3Ps1reCvxZDcisqAunYfGwlEIJHfJughwdSiIY0g&s,8,0,0
1614618885359,8,Kittens-18,200,OK,Google Various 1-10,bin,true,,3530,199,1,2,http://t0.gstatic.com/images?q=tbn:ANd9GcRdTsiSmkoyA7qZ1C7RsfN5suyWF9yhDxqE8kiYKZbR4EQu4mH3EDjpJF9kYg&s,8,0,0
1614618885367,8,Kittens-19,200,OK,Google Various 1-10,bin,true,,4160,199,1,2,http://t0.gstatic.com/images?q=tbn:ANd9GcSGhsO5eFetTirw_eFPgYzz-meGIpPI0a70bbt58AV7emExvcA2wqJYiAvuag&s,8,0,0
1614618885375,8,Kittens-20,200,OK,Google Various 1-10,bin,true,,4470,199,1,2,http://t0.gstatic.com/images?q=tbn:ANd9GcS7Xh8yIOy9zdPkwtuXfn9HwL-eL7BSXk9a4lr2wWJGVFBKUAXvb2U6J-88mA&s,8,0,0
1614618885383,9,Kittens-21,200,OK,Google Various 1-10,bin,true,,4215,199,1,2,http://t0.gstatic.com/images?q=tbn:ANd9GcQvyxA-ELvfLzcI0dBhPU8fviiDp4uGruFFYFnuzC22zkciZqp7vRTdcppJmA&s,9,0,0
1614618885392,8,Kittens-22,200,OK,Google Various 1-10,bin,true,,3686,200,1,2,http://t0.gstatic.com/images?q=tbn:ANd9GcQRZ2T-ev_jBdC4U1pFWX6jV_VUn91jntKj-D1yVeu6Ph0amGjljZOWN7BFw9Y&s,8,0,0
